[
  {
    "id": "897b3669-c23e-4a52-a0cd-89405fe242b7",
    "data": [
      {
        "text": "horrible",
        "userDefined": false
      }
    ],
    "isTemplate": false,
    "count": 0,
    "updated": 0
  },
  {
    "id": "4abb8892-f3b6-4234-9995-ce09af962ec8",
    "data": [
      {
        "text": "está todo mal",
        "userDefined": false
      }
    ],
    "isTemplate": false,
    "count": 0,
    "updated": 0
  },
  {
    "id": "b98cf16f-f2b9-4b4f-af3d-ade49c9da1bd",
    "data": [
      {
        "text": "Te has equivocado",
        "userDefined": false
      }
    ],
    "isTemplate": false,
    "count": 0,
    "updated": 0
  },
  {
    "id": "c7194d83-8a0b-441c-ac50-4d5baaa21380",
    "data": [
      {
        "text": "No",
        "userDefined": false
      }
    ],
    "isTemplate": false,
    "count": 0,
    "updated": 0
  }
]