[
  {
    "id": "1cd4363f-7658-4543-b39f-124d1bdd922a",
    "data": [
      {
        "text": "Claro que si crack",
        "userDefined": false
      }
    ],
    "isTemplate": false,
    "count": 0,
    "updated": 0
  },
  {
    "id": "7927c70f-aa5c-4280-b056-1bc9994870ca",
    "data": [
      {
        "text": "Por supuesto",
        "userDefined": false
      }
    ],
    "isTemplate": false,
    "count": 0,
    "updated": 0
  },
  {
    "id": "f7e426bd-592c-4df5-a113-a3d52c56b40c",
    "data": [
      {
        "text": "Claro",
        "userDefined": false
      }
    ],
    "isTemplate": false,
    "count": 0,
    "updated": 0
  },
  {
    "id": "73190dff-fa3b-4124-a991-c556c77b3965",
    "data": [
      {
        "text": "Si",
        "userDefined": false
      }
    ],
    "isTemplate": false,
    "count": 0,
    "updated": 0
  },
  {
    "id": "94d9942c-432b-45a4-bf2f-8cd8ae6fb09a",
    "data": [
      {
        "text": "En efecto",
        "userDefined": false
      }
    ],
    "isTemplate": false,
    "count": 0,
    "updated": 0
  }
]