[
  {
    "id": "17f77d80-2cad-46cd-a5f8-5fc21e2c91f7",
    "data": [
      {
        "text": "Que está pasando en ",
        "userDefined": false
      },
      {
        "text": "Nueva york",
        "alias": "mylocation",
        "meta": "@mylocation",
        "userDefined": false
      }
    ],
    "isTemplate": false,
    "count": 0,
    "updated": 0
  },
  {
    "id": "2ae7021b-f919-4823-9e12-a3f9d29c09d7",
    "data": [
      {
        "text": "Quiero saber las tendencias en ",
        "userDefined": false
      },
      {
        "text": "España",
        "alias": "mylocation",
        "meta": "@mylocation",
        "userDefined": false
      }
    ],
    "isTemplate": false,
    "count": 0,
    "updated": 0
  },
  {
    "id": "0278ce65-e6da-433c-998f-55bc9cf0d3db",
    "data": [
      {
        "text": "Que es ahora tendencia",
        "userDefined": false
      }
    ],
    "isTemplate": false,
    "count": 0,
    "updated": 0
  }
]