[
  {
    "id": "44fccba5-8712-4272-b949-691e83d52e88",
    "data": [
      {
        "text": "Quiero saber tus funcionalidades",
        "userDefined": false
      }
    ],
    "isTemplate": false,
    "count": 0,
    "updated": 0
  },
  {
    "id": "f7a80039-6c72-4b60-8890-166e6b494c5d",
    "data": [
      {
        "text": "Ayuda",
        "userDefined": false
      }
    ],
    "isTemplate": false,
    "count": 0,
    "updated": 0
  },
  {
    "id": "959ca392-c8b2-4c02-90f6-792945d873f2",
    "data": [
      {
        "text": "Cuales son tus funciones?",
        "userDefined": false
      }
    ],
    "isTemplate": false,
    "count": 0,
    "updated": 0
  },
  {
    "id": "740a0e21-09a3-4ca5-8db1-0f4cc5658d2e",
    "data": [
      {
        "text": "Que sabes hacer?",
        "userDefined": false
      }
    ],
    "isTemplate": false,
    "count": 0,
    "updated": 0
  }
]