[
  {
    "id": "c3d930e7-1d71-460f-90c8-67d84375a068",
    "data": [
      {
        "text": "quiero tweets con el hashtag ",
        "userDefined": false
      },
      {
        "text": "#jalapeño",
        "alias": "hashtag",
        "meta": "@hashtag",
        "userDefined": true
      }
    ],
    "isTemplate": false,
    "count": 0,
    "updated": 0
  },
  {
    "id": "a591b39a-61d7-4b34-8c01-ecddc14787c0",
    "data": [
      {
        "text": "Que hay del hashtag ",
        "userDefined": false
      },
      {
        "text": "#pepino",
        "alias": "hashtag",
        "meta": "@hashtag",
        "userDefined": true
      }
    ],
    "isTemplate": false,
    "count": 0,
    "updated": 0
  },
  {
    "id": "81ca03cc-b970-484e-9448-c799e0539a67",
    "data": [
      {
        "text": "Leer ",
        "userDefined": false
      },
      {
        "text": "#pepino",
        "alias": "hashtag",
        "meta": "@hashtag",
        "userDefined": true
      }
    ],
    "isTemplate": false,
    "count": 0,
    "updated": 0
  },
  {
    "id": "a1efb82d-9db1-495f-b8e6-f5a75e389a37",
    "data": [
      {
        "text": "Que opinas de ",
        "userDefined": false
      },
      {
        "text": "#aguacate",
        "alias": "hashtag",
        "meta": "@hashtag",
        "userDefined": true
      }
    ],
    "isTemplate": false,
    "count": 0,
    "updated": 0
  }
]