[
  {
    "id": "c9cf92b8-7466-4f9a-8f4f-892d4e6d4f8b",
    "data": [
      {
        "text": "quiero tweets de ",
        "userDefined": false
      },
      {
        "text": "@hola",
        "alias": "usuario",
        "meta": "@usuario",
        "userDefined": true
      }
    ],
    "isTemplate": false,
    "count": 0,
    "updated": 0
  },
  {
    "id": "04b53bed-f363-4527-ab35-57b0d0d0e76d",
    "data": [
      {
        "text": "Me gustaria tener tweets de ",
        "userDefined": false
      },
      {
        "text": "@lluis",
        "alias": "usuario",
        "meta": "@usuario",
        "userDefined": true
      }
    ],
    "isTemplate": false,
    "count": 0,
    "updated": 0
  },
  {
    "id": "e3b547f2-86c8-470d-b26e-db1c4b6d09a0",
    "data": [
      {
        "text": "quiero tweets de ",
        "userDefined": false
      },
      {
        "text": "@trump",
        "alias": "usuario",
        "meta": "@usuario",
        "userDefined": true
      }
    ],
    "isTemplate": false,
    "count": 0,
    "updated": 0
  },
  {
    "id": "ad827c8e-0741-4981-99e9-ff17f882e159",
    "data": [
      {
        "text": "Información de ",
        "userDefined": false
      },
      {
        "text": "@usuario",
        "alias": "usuario",
        "meta": "@usuario",
        "userDefined": true
      }
    ],
    "isTemplate": false,
    "count": 0,
    "updated": 0
  },
  {
    "id": "5936f294-ec09-48aa-a67d-d3b60b1ac01d",
    "data": [
      {
        "text": "Quien es ",
        "userDefined": false
      },
      {
        "text": "@usuario",
        "alias": "usuario",
        "meta": "@usuario",
        "userDefined": true
      }
    ],
    "isTemplate": false,
    "count": 0,
    "updated": 0
  },
  {
    "id": "d86656fb-21fe-4b0e-a324-c46c0c4ce4e4",
    "data": [
      {
        "text": "Leer el usuario",
        "meta": "@sys.ignore",
        "userDefined": true
      },
      {
        "text": " ",
        "userDefined": false
      },
      {
        "text": "@usuario",
        "alias": "usuario",
        "meta": "@usuario",
        "userDefined": true
      }
    ],
    "isTemplate": false,
    "count": 0,
    "updated": 0
  }
]